Amber,Plumber,a.anderson@randatmail.com,676-7463-00
Arianna,Electrician,a.turner@randatmail.com,955-7556-46
James,Tiler,j.dixon@randatmail.com,147-3642-12
Jack,Bricklayer,j.chapman@randatmail.com,813-8261-25
Jared,Plumber,j.crawford@randatmail.com,645-8881-35
Carlos,Electrician,c.chapman@randatmail.com,450-3051-39
Savana,Tiler,s.ryan@randatmail.com,766-5787-91
Daniel,Bricklayer,d.dixon@randatmail.com,082-0137-63
William,Plumber,w.howard@randatmail.com,104-8978-37
Lucia,Electrician,l.ross@randatmail.com,437-1645-66
Sawyer,Tiler,s.harper@randatmail.com,169-5790-40
Adrianna,Bricklayer,a.grant@randatmail.com,696-0438-81
Alan,Plumber,a.allen@randatmail.com,912-0659-32
Ryan,Electrician,r.baker@randatmail.com,201-8864-11
Sawyer,Tiler,s.cole@randatmail.com,982-9710-22
Brad,Bricklayer,b.carroll@randatmail.com,158-0411-36
Chelsea,Plumber,c.cameron@randatmail.com,452-4574-12
Chelsea,Electrician,c.barrett@randatmail.com,130-9672-56
Owen,Tiler,o.carroll@randatmail.com,564-7372-89
Lana,Bricklayer,l.ellis@randatmail.com,638-9446-81
Oliver,Plumber,o.dixon@randatmail.com,705-8303-87
Adele,Electrician,a.harper@randatmail.com,059-3373-25
Owen,Tiler,o.spencer@randatmail.com,600-7935-45
Amber,Bricklayer,a.douglas@randatmail.com,287-5978-30
Walter,Plumber,w.ross@randatmail.com,644-9688-01
Kevin,Electrician,k.crawford@randatmail.com,065-2025-35
Aston,Tiler,a.ferguson@randatmail.com,736-6775-45
Andrew,Bricklayer,a.wilson@randatmail.com,102-1862-19
Alisa,Plumber,a.sullivan@randatmail.com,845-1014-92
Amelia,Electrician,a.richards@randatmail.com,651-6055-74
Rubie,Tiler,r.carroll@randatmail.com,177-9001-14
Maria,Bricklayer,m.phillips@randatmail.com,778-4689-38
Abigail,Plumber,a.wright@randatmail.com,038-9878-58
Lydia,Electrician,l.richards@randatmail.com,008-2079-92
Blake,Tiler,b.parker@randatmail.com,757-7664-01
Isabella,Bricklayer,i.murphy@randatmail.com,940-8458-38
William,Plumber,w.lloyd@randatmail.com,099-0770-88
Sofia,Electrician,s.anderson@randatmail.com,315-8990-28
Tiana,Tiler,t.murray@randatmail.com,776-2665-17
Alissa,Bricklayer,a.cole@randatmail.com,686-5415-19
Daryl,Plumber,d.crawford@randatmail.com,700-8756-90
John,Electrician,j.brooks@randatmail.com,264-1910-61
Annabella,Tiler,a.allen@randatmail.com,565-9000-37
Leonardo,Bricklayer,l.wells@randatmail.com,773-8561-47
Alexander,Plumber,a.chapman@randatmail.com,403-9147-85
Michelle,Electrician,m.henderson@randatmail.com,772-9557-02
Alissa,Tiler,a.morris@randatmail.com,009-2710-07
Haris,Bricklayer,h.evans@randatmail.com,726-3149-37
Madaline,Plumber,m.ellis@randatmail.com,985-3927-54
Brad,Electrician,b.wilson@randatmail.com,892-7436-82
Charlie,Tiler,c.lloyd@randatmail.com,456-0464-19
Arthur,Bricklayer,a.craig@randatmail.com,151-5810-68
Dexter,Plumber,d.casey@randatmail.com,094-5346-13
Alford,Electrician,a.campbell@randatmail.com,308-9128-82
Robert,Tiler,r.cameron@randatmail.com,516-1442-70
Penelope,Bricklayer,p.gray@randatmail.com,640-2678-67
Jared,Plumber,j.montgomery@randatmail.com,606-2747-47
Carl,Electrician,c.wells@randatmail.com,338-9649-82
Aston,Tiler,a.henderson@randatmail.com,743-5664-58
Chelsea,Bricklayer,c.henderson@randatmail.com,292-1031-64
Amelia,Plumber,a.richardson@randatmail.com,844-0103-80
Aldus,Electrician,a.morrison@randatmail.com,908-7444-48
Wilson,Tiler,w.moore@randatmail.com,327-8662-37
Aiden,Bricklayer,a.mason@randatmail.com,629-2518-86
Victor,Plumber,v.brown@randatmail.com,430-6639-55
Eleanor,Electrician,e.thompson@randatmail.com,741-8529-67
Florrie,Tiler,f.owens@randatmail.com,338-6232-90
Lana,Bricklayer,l.foster@randatmail.com,584-6354-04
Steven,Plumber,s.harrison@randatmail.com,440-4994-24
Tara,Electrician,t.evans@randatmail.com,517-5643-98
Harold,Tiler,h.elliott@randatmail.com,276-4535-17
Adrianna,Bricklayer,a.tucker@randatmail.com,780-7984-33
Sydney,Plumber,s.edwards@randatmail.com,757-1177-33
Victoria,Electrician,v.kelley@randatmail.com,151-1943-05
Sophia,Tiler,s.howard@randatmail.com,585-5813-24
Melanie,Bricklayer,m.cameron@randatmail.com,394-5080-53
Marcus,Plumber,m.phillips@randatmail.com,535-7203-13
Alisa,Electrician,a.harrison@randatmail.com,405-0050-16
Joyce,Tiler,j.nelson@randatmail.com,423-7174-97
Chester,Bricklayer,c.kelley@randatmail.com,704-9632-88
Lydia,Plumber,l.alexander@randatmail.com,059-4309-30
Tiana,Electrician,t.west@randatmail.com,472-3952-46
Eddy,Tiler,e.kelly@randatmail.com,891-5609-41
Mary,Bricklayer,m.perry@randatmail.com,183-4668-91
Sabrina,Plumber,s.taylor@randatmail.com,337-9300-18
Michael,Electrician,m.davis@randatmail.com,727-7958-78
Sienna,Tiler,s.perry@randatmail.com,984-0840-48
Carlos,Bricklayer,c.moore@randatmail.com,384-5624-35
Aldus,Plumber,a.hill@randatmail.com,671-9622-62
Vivian,Electrician,v.payne@randatmail.com,947-1123-05
Amelia,Tiler,a.riley@randatmail.com,511-6785-13
Ryan,Bricklayer,r.hill@randatmail.com,492-8673-67
Jessica,Plumber,j.scott@randatmail.com,629-2023-68
Alford,Electrician,a.barrett@randatmail.com,396-4245-77
Honey,Tiler,h.kelly@randatmail.com,657-1358-09
Aston,Bricklayer,a.murphy@randatmail.com,975-7249-70
Kevin,Plumber,k.cameron@randatmail.com,631-7299-18
Charlie,Electrician,c.higgins@randatmail.com,069-7157-78
Cadie,Tiler,c.armstrong@randatmail.com,518-2040-92
Paul,Bricklayer,p.allen@randatmail.com,909-5019-45
Maria,Plumber,m.murphy@randatmail.com,876-0180-58
Frederick,Electrician,f.barrett@randatmail.com,634-5618-38
Dexter,Tiler,d.adams@randatmail.com,873-1489-08
Sienna,Bricklayer,s.barnes@randatmail.com,617-5262-44
April,Plumber,a.martin@randatmail.com,013-8366-20
Dainton,Electrician,d.hunt@randatmail.com,186-9863-56
Belinda,Tiler,b.wright@randatmail.com,295-5767-41
Kirsten,Bricklayer,k.anderson@randatmail.com,312-9604-50
Arthur,Plumber,a.parker@randatmail.com,778-2997-23
Dale,Electrician,d.spencer@randatmail.com,027-5065-32
Owen,Tiler,o.brooks@randatmail.com,080-8045-68
Violet,Bricklayer,v.owens@randatmail.com,167-8387-41
Eric,Plumber,e.farrell@randatmail.com,049-5855-76
Tiana,Electrician,t.carroll@randatmail.com,272-4919-00
Jenna,Tiler,j.grant@randatmail.com,535-6236-25
Walter,Bricklayer,w.cunningham@randatmail.com,798-6394-39
Ted,Plumber,t.stevens@randatmail.com,249-8970-71
Leonardo,Electrician,l.scott@randatmail.com,645-6221-70
Michael,Tiler,m.turner@randatmail.com,411-8170-53
Sawyer,Bricklayer,s.evans@randatmail.com,332-9332-14
Ryan,Plumber,r.hall@randatmail.com,097-0875-06
Edgar,Electrician,e.russell@randatmail.com,710-7918-14
Blake,Tiler,b.morris@randatmail.com,096-3153-63
Adele,Bricklayer,a.smith@randatmail.com,641-4780-78
Alina,Plumber,a.richards@randatmail.com,808-1094-22
David,Electrician,d.taylor@randatmail.com,490-9936-98
Lucy,Tiler,l.richards@randatmail.com,931-1371-74
Melanie,Bricklayer,m.stewart@randatmail.com,376-8817-31
Michelle,Plumber,m.dixon@randatmail.com,361-4704-27
Jasmine,Electrician,j.morris@randatmail.com,845-1592-04
Florrie,Tiler,f.hamilton@randatmail.com,851-7314-52
Agata,Bricklayer,a.mitchell@randatmail.com,684-7333-89
Heather,Plumber,h.smith@randatmail.com,289-9097-84
Kate,Electrician,k.evans@randatmail.com,629-8652-88
Alan,Tiler,a.jones@randatmail.com,856-6094-93
Gianna,Bricklayer,g.miller@randatmail.com,639-3438-35
Melissa,Plumber,m.wilson@randatmail.com,572-0957-74
Rebecca,Electrician,r.scott@randatmail.com,938-1940-70
Garry,Tiler,g.miller@randatmail.com,225-4735-75
Alfred,Bricklayer,a.ferguson@randatmail.com,280-5347-11
Garry,Plumber,g.riley@randatmail.com,442-9628-55
Sienna,Electrician,s.howard@randatmail.com,898-7524-00
Adrian,Tiler,a.spencer@randatmail.com,314-4748-21
Max,Bricklayer,m.edwards@randatmail.com,734-0841-82
Eric,Plumber,e.foster@randatmail.com,950-8838-03
Chester,Electrician,c.farrell@randatmail.com,343-7868-76
Alexia,Tiler,a.miller@randatmail.com,844-1185-77
Amelia,Bricklayer,a.morris@randatmail.com,737-0536-98
Adrianna,Plumber,a.murray@randatmail.com,091-1326-23
Sofia,Electrician,s.hamilton@randatmail.com,074-3162-06
Miranda,Tiler,m.sullivan@randatmail.com,862-8926-72
Nicholas,Bricklayer,n.elliott@randatmail.com,164-6831-09
Alexia,Plumber,a.carroll@randatmail.com,468-3211-64
Tara,Electrician,t.montgomery@randatmail.com,770-9231-33
Jack,Tiler,j.stewart@randatmail.com,089-7191-62
Arianna,Bricklayer,a.hall@randatmail.com,358-8760-36
Luke,Plumber,l.morris@randatmail.com,188-6509-57
Victoria,Electrician,v.phillips@randatmail.com,709-0985-02
Brianna,Tiler,b.higgins@randatmail.com,725-9251-70
Eric,Bricklayer,e.phillips@randatmail.com,482-0360-59
Dominik,Plumber,d.cooper@randatmail.com,786-7518-97
Carina,Electrician,c.hill@randatmail.com,855-4658-72
Mike,Tiler,m.armstrong@randatmail.com,428-6362-65
Ada,Bricklayer,a.wright@randatmail.com,923-9111-82
Lenny,Plumber,l.carter@randatmail.com,788-2381-44
Charlie,Electrician,c.moore@randatmail.com,876-6449-50
Alan,Tiler,a.barrett@randatmail.com,031-6926-69
David,Bricklayer,d.higgins@randatmail.com,462-7911-83
Belinda,Plumber,b.turner@randatmail.com,442-4524-17
April,Electrician,a.foster@randatmail.com,327-7674-31
Lucas,Tiler,l.thompson@randatmail.com,826-3303-02
Cherry,Bricklayer,c.warren@randatmail.com,491-8664-47
Sofia,Plumber,s.thompson@randatmail.com,783-8732-66
Chester,Electrician,c.roberts@randatmail.com,631-6310-13
Victoria,Tiler,v.mason@randatmail.com,316-8675-54
Alisa,Bricklayer,a.brown@randatmail.com,550-2068-93
Florrie,Plumber,f.brooks@randatmail.com,518-4397-88
Rebecca,Electrician,r.cooper@randatmail.com,081-2538-87
Aiden,Tiler,a.montgomery@randatmail.com,293-2523-91
Max,Bricklayer,m.adams@randatmail.com,301-7418-94
Daisy,Plumber,d.howard@randatmail.com,705-3956-68
Elian,Electrician,e.williams@randatmail.com,656-8958-08
Olivia,Tiler,o.fowler@randatmail.com,674-7137-85
Briony,Bricklayer,b.rogers@randatmail.com,186-2686-13
Emma,Plumber,e.hill@randatmail.com,277-0674-86
Spike,Electrician,s.jones@randatmail.com,094-8768-50
Kirsten,Tiler,k.allen@randatmail.com,718-5581-41
Madaline,Bricklayer,m.russell@randatmail.com,127-1780-39
Victoria,Plumber,v.montgomery@randatmail.com,529-7640-75
Amelia,Electrician,a.harper@randatmail.com,337-4723-69
Sawyer,Tiler,s.richards@randatmail.com,049-8401-97
Chloe,Bricklayer,c.thomas@randatmail.com,854-5694-32
Richard,Plumber,r.robinson@randatmail.com,393-8080-13
Emma,Electrician,e.edwards@randatmail.com,260-6801-90
Kelvin,Tiler,k.fowler@randatmail.com,073-4047-19
Edith,Bricklayer,e.spencer@randatmail.com,509-8514-13
Owen,Plumber,o.myers@randatmail.com,184-9157-98
Kelsey,Electrician,k.phillips@randatmail.com,876-6806-86
Adrian,Tiler,a.alexander@randatmail.com,250-9590-82
Ned,Bricklayer,n.cole@randatmail.com,917-8340-95